<?xml version="1.0" encoding="UTF-8"?>

<beans xmlns="http://www.springframework.org/schema/beans"
xmlns:xsi="http://www.w3.org/2001/XMLSchema-instance"
xmlns:context="http://www.springframework.org/schema/context"
    xmlns:tx="http://www.springframework.org/schema/tx"
xmlns:mvc="http://www.springframework.org/schema/mvc"
xsi:schemaLocation="
http://www.springframework.org/schema/beans
http://www.springframework.org/schema/beans/spring-beans.xsd
http://www.springframework.org/schema/context
http://www.springframework.org/schema/context/spring-context.xsd
http://www.springframework.org/schema/mvc
http://www.springframework.org/schema/mvc/spring-mvc.xsd
http://www.springframework.org/schema/tx
http://www.springframework.org/schema/tx/spring-tx.xsd">


<context:component-scan base-package="com.cognizant.EmployeeManagement"></context:component-scan>
<mvc:annotation-driven/>
<bean class="org.springframework.web.servlet.view.InternalResourceViewResolver">
<property name="prefix" value="/WEB-INF/view/" />
<property name="suffix" value=".jsp" />
</bean>
<bean id="myDataSource" class="com.mchange.v2.c3p0.ComboPooledDataSource" destroy-method="close">
        <property name="driverClass" value="com.mysql.jdbc.Driver" />
        <property name="jdbcUrl"  value="jdbc:mysql://localhost:3306/employee_mgmt_db?useSSL=false&amp;serverTimezone=UTC" />
        <property name="user" value="root" />
        <property name="password" value="root" />
   
<property name="initialPoolSize" value="5"/>
        <property name="minPoolSize" value="5" />
        <property name="maxPoolSize" value="20" />
        <property name="maxIdleTime" value="30000" />
</bean>  
<bean id="sessionFactory" class="org.springframework.orm.hibernate5.LocalSessionFactoryBean">
<property name="dataSource" ref="myDataSource" />
<property name="packagesToScan" value="com.cognizant.EmployeeManagement" />
<property name="hibernateProperties">
  <props>
     <prop key="hibernate.dialect">org.hibernate.dialect.MySQLDialect</prop>
     <prop key="hibernate.show_sql">true</prop>
  </props>
</property>
</bean>
<bean id="messageSource"
    class="org.springframework.context.support.ResourceBundleMessageSource" >
    <property name="basenames" value="messages" />
    </bean>
<bean id="myTransactionManager" class="org.springframework.orm.hibernate5.HibernateTransactionManager">
        <property name="sessionFactory" ref="sessionFactory"/>
</bean>
<tx:annotation-driven transaction-manager="myTransactionManager" />
<mvc:resources location="/resources/" mapping="/resources/**"></mvc:resources>
</beans>